date,ticker,industry,close,return_1d,forward_return_5d,turnover,momentum_20,turnover_shock_5_20,earnings_yield,book_yield,size_inv,pe_ttm,pb,total_mv
2026-02-02,000001.SZ,银行,10.86,0.002770083102493,0.0212177121771217,0.6303,-0.0556521739130435,0.2075736957364167,0.2045952083802197,2.103934357248054,-16.863589860774674,4.8877,0.4753,21074827.163
2026-02-03,000001.SZ,银行,10.84,-0.001841620626151,0.0082041932543299,0.4157,-0.0711225364181662,0.2195540466987093,0.2049726361530735,2.1079258010118043,-16.86174654228019,4.8787,0.4744,21036015.3266
2026-02-04,000001.SZ,银行,10.97,0.0119926199261992,-0.0018034265103696,0.3584,-0.0575601374570446,0.0922786489972151,0.2025439520375921,2.082899395959175,-16.87366782055707,4.9372,0.4801,21288292.2632
2026-02-05,000001.SZ,银行,11.09,0.0109389243391064,-0.0081447963800904,0.6068,-0.0364900086880972,-0.041424195305444,0.2003526206122776,2.0601565718994643,-16.884547347633323,4.9912,0.4854,21521163.2816
2026-02-06,000001.SZ,银行,11.05,-0.0036068530207393,-0.014453477868112,0.375,-0.0357766143106457,-0.1002516897146573,0.2010777768840987,2.0678246484698097,-16.88093397423444,4.9732,0.4836,21443539.6088
2026-02-09,000001.SZ,银行,11.07,0.0018099547511312,-0.0135623869801084,0.3193,-0.0357142857142857,-0.2084600787649353,0.200714543775842,2.063983488132095,-16.88274229299141,4.9822,0.4845,21482351.4452
2026-02-10,000001.SZ,银行,11.06,-0.0009033423667569,-0.0189701897018971,0.3094,-0.035745422842197,-0.2315963041378435,0.2008959961427968,2.065688907250568,-16.88183854236496,4.9777,0.4841,21462945.527
2026-02-11,000001.SZ,银行,11.07,0.0009041591320071,-0.0082116788321169,0.2221,-0.0255281690140843,-0.2531050995975341,0.200714543775842,2.063983488132095,-16.88274229299141,4.9822,0.4845,21482351.4452
2026-02-12,000001.SZ,银行,10.96,-0.0099367660343269,-0.0009165902841429,0.3511,-0.030946065428824,-0.3503748867100602,0.2027287286881424,2.0846362309776945,-16.872755827789707,4.9327,0.4797,21268886.345
2026-02-13,000001.SZ,银行,10.91,-0.0045620437956205,-0.005499541704858,0.286,-0.0250223413762287,-0.368108125325151,0.2036576921510325,2.094240837696335,-16.868183346114343,4.9102,0.4775,21171856.754
2026-02-24,000001.SZ,银行,10.91,0.0,0.0018416206261511,0.3105,-0.0188848920863308,-0.3648182940576518,0.2036576921510325,2.094240837696335,-16.868183346114343,4.9102,0.4775,21171856.754
2026-02-25,000001.SZ,银行,10.86,-0.0045829514207149,-0.0147194112235509,0.5478,-0.0268817204301076,-0.2741143032236933,0.2045952083802197,2.103934357248054,-16.863589860774674,4.8877,0.4753,21074827.163
2026-02-26,000001.SZ,银行,10.87,0.0009208103130755,-0.0082568807339449,0.3673,-0.01806684733514,-0.204637161339909,0.2044070152487633,2.102165230187093,-16.864510247402098,4.8922,0.4757,21094233.0812
2026-02-27,000001.SZ,银行,10.9,0.0027598896044158,-0.0027649769585252,0.3155,-0.015356820234869,-0.2121937285084456,0.2038445074097478,2.0959966464053656,-16.867266335504365,4.9057,0.4771,21152450.8358
2026-03-02,000001.SZ,银行,10.85,-0.0045871559633028,-0.0110294117647059,0.4323,-0.0127388535031847,-0.1361029637087948,0.20478374836173,2.105706464518846,-16.862668626255257,4.8832,0.4749,21055421.2448
2026-03-03,000001.SZ,银行,10.88,0.0027649769585254,0.0093370681605975,0.5301,-0.0072992700729926,-0.0357472628940774,0.2042191680111095,2.099958000839983,-16.865429787696872,4.8967,0.4762,21113638.9994
2026-03-04,000001.SZ,银行,10.71,-0.015625,0.007400555041628,0.5615,-0.0210237659963435,-0.0403565992607086,0.2074602713580349,2.1335609131640707,-16.84968143073189,4.8202,0.4687,20783738.3901
2026-03-05,000001.SZ,银行,10.81,0.0093370681605975,0.0110905730129389,0.3672,-0.0027675276752766,0.0002946576304991,0.2055413960371619,2.113718030014796,-16.85897517791952,4.8652,0.4731,20977797.572
2026-03-06,000001.SZ,银行,10.82,0.0009250693802034,0.0157992565055762,0.2456,-0.0127737226277372,0.0532750015404521,0.2053514590221163,2.1114864864864864,-16.859899819686834,4.8697,0.4736,20997203.4902
2026-03-09,000001.SZ,银行,10.76,-0.0055452865064695,0.0101757631822385,0.4307,-0.0064635272391505,0.0698769824368001,0.2064963759886014,2.1235931195582927,-16.854339101001553,4.8427,0.4709,20880767.981
2026-03-10,000001.SZ,银行,10.81,0.0046468401486989,0.0128558310376492,0.4072,-0.0046040515653774,0.0372833301114763,0.2055413960371619,2.113718030014796,-16.85897517791952,4.8652,0.4731,20977797.572
2026-03-11,000001.SZ,银行,10.89,0.007400555041628,0.0018281535648996,0.3713,0.0046125461254613,-0.0553589713678371,0.2040316657145189,2.09819555182543,-16.86634848321404,4.9012,0.4766,21133044.9176
2026-02-02,000007.SZ,其他商业,10.99,0.0101102941176469,0.0982142857142858,2.2055,-0.0460069444444444,-0.1380413664951916,0.0148822147116645,0.047977508144182,-12.849888816740297,67.1943,20.8431,380746.4004
2026-02-03,000007.SZ,其他商业,11.2,0.019108280254777,0.0848214285714286,1.8243,-0.0353143841515934,-0.186912150252544,0.0146031875837857,0.0470778762228478,-12.868816826561796,68.4782,21.2414,388021.8093
2026-02-04,000007.SZ,其他商业,11.2,0.0,0.0813226094727435,1.1395,-0.0260869565217392,-0.2602051758989492,0.0146031875837857,0.0470778762228478,-12.868816826561796,68.4782,21.2414,388021.8093
2026-02-05,000007.SZ,其他商业,11.19,-0.0008928571428571,0.0338409475465313,1.3892,-0.0797697368421053,-0.2968171694592822,0.0146162289836897,0.0471200241254523,-12.867923570440176,68.4171,21.2224,387675.3612
2026-02-06,000007.SZ,其他商业,11.82,0.0563002680965147,0.0089430894308941,4.8125,-0.0295566502463053,-0.083962701145953,0.0138371916035921,0.0446086041075602,-12.92269606016762,72.269,22.4172,409501.588
2026-02-09,000007.SZ,其他商业,12.3,0.0406091370558376,0.045267489711934,3.6242,0.0362257792754845,0.0550490312335658,0.0132972004074262,0.0428676760575455,-12.96250231054064,75.2038,23.3276,426131.0941
2026-02-10,000007.SZ,其他商业,12.15,-0.0121951219512195,0.0421487603305785,2.789,0.0402397260273972,0.1461498559438026,0.0134613598396482,0.0433969387799384,-12.950232218090788,74.2867,23.0431,420934.3735
2026-02-11,000007.SZ,其他商业,12.1,-0.0041152263374486,0.0769230769230768,1.5798,0.0503472222222223,0.2080827079667482,0.0135169840905097,0.0435762126170566,-12.94610850071648,73.981,22.9483,419202.1332
2026-02-12,000007.SZ,其他商业,12.22,0.0099173553719009,0.0975020145044318,1.8297,0.0842945874001774,0.2631606203082557,0.0133842649227861,0.0431482704015809,-12.955977002028238,74.7146,23.1759,423359.5098
2026-02-13,000007.SZ,其他商业,12.41,0.0155482815057281,0.062992125984252,2.2503,0.0982300884955751,0.0432310523905399,0.0131793458563477,0.0424877422863503,-12.971405647416416,75.8763,23.5362,429942.0226
2026-02-24,000007.SZ,其他商业,12.7,0.0233682514101529,-0.0007930214115781,2.3761,0.118942731277533,-0.0726945646121558,0.0128783995755279,0.0415175494681601,-12.994505041719204,77.6494,24.0862,439989.0159
2026-02-25,000007.SZ,其他商业,12.61,-0.0070866141732283,0.0007598784194529,2.4284,0.1484517304189434,-0.1117609360874971,0.0129703031938074,0.0418138863916706,-12.987393198222655,77.0992,23.9155,436870.9835
2026-02-26,000007.SZ,其他商业,13.16,0.0436161776367962,-0.027900146842878,3.1697,0.1666666666666667,-0.0002902709471954,0.0124282424352395,0.0400663498753936,-13.0300849740976,80.4619,24.9586,455925.6259
2026-02-27,000007.SZ,其他商业,13.62,0.0349544072948326,-0.017037037037037,2.4314,0.2010582010582009,0.0295669292939975,0.0120084924058294,0.0387131740931439,-13.06444234887123,83.2744,25.831,471862.2359
2026-03-02,000007.SZ,其他商业,13.5,-0.0088105726872246,0.05,2.569,0.1698440207972271,0.0677804295942718,0.0121152352718113,0.0390573127006569,-13.055592733653588,82.5407,25.6034,467704.8594
2026-03-03,000007.SZ,其他商业,12.6,-0.0666666666666666,0.0698557327258921,3.7762,0.0750853242320819,0.1509635267059137,0.012980606973182,0.0418469573077341,-12.986599862075003,77.038,23.8966,436524.5354
2026-03-04,000007.SZ,其他商业,13.17,0.0452380952380953,0.0687311178247733,2.6711,0.14821272885789,0.1737371750219312,0.0124187965937724,0.0400358721414387,-13.030844563859192,80.5231,24.9776,456272.0739
2026-03-05,000007.SZ,其他商业,13.24,0.0053151100987092,0.0535041446872646,1.5522,0.1853178155774395,0.0613657841614432,0.0123531366466916,0.0398242952095355,-13.03614559881399,80.9511,25.1103,458697.2103
2026-03-06,000007.SZ,其他商业,13.27,0.0022658610271901,0.0347694633408919,1.6275,0.237873134328358,0.0132534649887114,0.0123252130721209,0.0397342572872627,-13.03840889657942,81.1345,25.1672,459736.5544
2026-03-09,000007.SZ,其他商业,13.23,-0.00301431801055,-0.0014194464158977,2.1333,0.2159926470588233,-0.0236140717201928,0.0123624828316019,0.0398542927058673,-13.035390026309887,80.8899,25.0914,458350.7622
2026-03-10,000007.SZ,其他商业,14.09,0.0650037792894935,0.0303886925795053,3.4501,0.2820746132848044,-0.0745940696227502,0.0116079170637541,0.0374217884621141,-13.098368374127986,86.1481,26.7224,488145.294
2026-03-11,000007.SZ,其他商业,14.15,0.0042583392476933,0.0672389127324748,1.834,0.2633928571428572,-0.1425115104828332,0.0115587026049848,0.0372630998427497,-13.102617672380044,86.5149,26.8362,490223.9823
2026-02-02,000009.SZ,电气设备,9.28,-0.0343392299687825,0.0222222222222223,1.3724,-0.0793650793650794,0.246449310851466,0.0029445566484113,0.4210703608572993,-14.688271699545098,339.6097,2.3749,2393510.5595
2026-02-03,000009.SZ,电气设备,9.45,0.0183189655172413,0.0052521008403361,0.7205,-0.0707964601769912,0.0203561965136578,0.0028915857745546,0.4134794293983874,-14.70642489425074,345.831,2.4185,2437357.1969
2026-02-04,000009.SZ,电气设备,9.52,0.0074074074074075,0.017057569296375,0.845,-0.0583580613254203,-0.1326138966962268,0.0028703242059893,0.4104416351994746,-14.713805001566763,348.3927,2.4364,2455411.6947
2026-02-05,000009.SZ,电气设备,9.38,-0.014705882352941,0.0052910052910053,0.7971,-0.0776794493608652,-0.2500807419730292,0.0029131646785774,0.416579879191835,-14.698989915785878,343.2693,2.4005,2419302.6992
2026-02-06,000009.SZ,电气设备,9.45,0.007462686567164,-0.0341614906832298,0.9586,-0.0780487804878049,-0.4180140859041761,0.0028915857745546,0.4134794293983874,-14.70642489425074,345.831,2.4185,2437357.1969
2026-02-09,000009.SZ,电气设备,9.66,0.0222222222222223,-0.0031347962382446,1.2546,-0.0584795321637426,-0.4209991870098729,0.0028287246807925,0.404498017959712,-14.728403800983784,353.5162,2.4722,2491520.6902
2026-02-10,000009.SZ,电气设备,9.57,-0.0093167701863353,0.0052410901467505,0.6423,-0.0487077534791252,-0.4102436337887808,0.0028553276845433,0.4082965866405357,-14.71904335821818,350.2225,2.4492,2468307.7645
2026-02-11,000009.SZ,电气设备,9.54,-0.0031347962382446,0.0,0.5311,-0.0535714285714287,-0.4207688100957378,0.0028643068978811,0.4095842719639566,-14.715903638211476,349.1246,2.4415,2460570.1226
2026-02-12,000009.SZ,电气设备,9.5,-0.0041928721174003,0.0235798499464094,0.4967,-0.0594059405940593,-0.4429470030052431,0.0028763668495268,0.4113195129976966,-14.711701951382246,347.6608,2.4312,2450253.2668
2026-02-13,000009.SZ,电气设备,9.33,-0.0178947368421052,-0.0199161425576519,0.7549,-0.0834970530451866,-0.4566871292464776,0.0029287765475289,0.4188130837207354,-14.693645167595898,341.4395,2.3877,2406406.6293
2026-02-24,000009.SZ,电气设备,9.54,0.022508038585209,-0.0667361835245047,0.7505,-0.0600985221674877,-0.5239719225133324,0.0028643068978811,0.4095842719639566,-14.715903638211476,349.1246,2.4415,2460570.1226
2026-02-25,000009.SZ,电气设备,9.59,0.0052410901467505,-0.0694736842105263,1.5086,-0.041,-0.3890732105473974,0.0028493730239598,0.4074481522226297,-14.72113104163654,350.9544,2.4543,2473466.1924
2026-02-26,000009.SZ,电气设备,9.5,-0.0093847758081334,-0.0628272251308902,1.0526,-0.0667976424361492,-0.2946795315174676,0.0028763668495268,0.4113195129976966,-14.711701951382246,347.6608,2.4312,2450253.2668
2026-02-27,000009.SZ,电气设备,9.55,0.0052631578947368,-0.0235294117647058,0.7852,-0.0591133004926107,-0.2418588661791362,0.0028613072855178,0.409165302782324,-14.716951307258132,349.4906,2.444,2463149.3366
2026-03-02,000009.SZ,电气设备,9.35,-0.0209424083769634,0.0145251396648045,1.2643,-0.1018251681075889,-0.1282778805308834,0.0029225119340774,0.4179029629320072,-14.695786496066308,342.1714,2.3929,2411565.0573
2026-03-03,000009.SZ,电气设备,8.95,-0.0427807486631016,0.0384615384615385,1.7151,-0.126829268292683,0.0216745267782154,0.0030531265389665,0.4365858982754856,-14.65206368505294,327.5331,2.2905,2308396.4987
2026-03-04,000009.SZ,电气设备,8.84,-0.012290502793296,0.0379888268156425,0.9582,-0.1088709677419355,0.0066012784258022,0.0030911184439309,0.4420280245767581,-14.63969702942244,323.5075,2.2623,2280025.1451
2026-03-05,000009.SZ,电气设备,8.95,0.0124434389140271,0.0065717415115003,1.0528,-0.1156126482213438,0.0605896449459661,0.0030531265389665,0.4365858982754856,-14.65206368505294,327.5331,2.2905,2308396.4987
2026-03-06,000009.SZ,电气设备,9.13,0.0201117318435755,0.0429515418502204,1.3401,-0.090637450199203,0.19337568571267,0.0029929339821615,0.4279722673970727,-14.671975847343113,334.1203,2.3366,2354822.35
2026-03-09,000009.SZ,电气设备,9.08,-0.0054764512595838,0.0217864923747277,1.1581,-0.0551508844953173,0.2474359552475862,0.0030094149546857,0.4303296324984939,-14.666484345360006,332.2905,2.3238,2341926.2802
2026-03-10,000009.SZ,电气设备,9.18,0.0110132158590308,-0.0086114101184067,0.7475,-0.0107758620689655,0.0875668518346108,0.0029766325415589,0.4256405890865752,-14.677437357400414,335.9501,2.3494,2367718.4199
2026-03-11,000009.SZ,电气设备,9.29,0.0119825708061001,-0.0141458106637648,1.3626,-0.0169312169312169,0.1335859710951696,0.0029413866932254,0.4206098843322818,-14.689348705587353,339.9757,2.3775,2396089.7735
2026-02-02,000017.SZ,服饰,7.12,-0.0557029177718833,0.0526315789473683,5.4566,-0.0998735777496839,0.615621635315726,0.0082250640732491,0.076275905204305,-13.103587554256292,121.5796,13.1103,490699.6723
2026-02-03,000017.SZ,服饰,7.41,0.0407303370786515,0.0292164674634793,5.4675,-0.0714285714285715,0.5387744708142217,0.0079031703567886,0.073290678158645,-13.143510268224285,126.5315,13.6443,510686.0354
2026-02-04,000017.SZ,服饰,7.53,0.0161943319838056,0.0212483399734395,4.0442,-0.0407643312101909,0.200129360737137,0.0077772230025369,0.0721230130109915,-13.159574870541638,128.5806,13.8652,518956.2545
2026-02-05,000017.SZ,服饰,7.53,0.0,-0.0129701686121919,3.5507,-0.0468354430379747,-0.1298438387921807,0.0077772230025369,0.0721230130109915,-13.159574870541638,128.5806,13.8652,518956.2545
2026-02-06,000017.SZ,服饰,7.71,0.0239043824701195,-0.0256410256410256,4.2636,-0.0350438047559449,-0.2924273834758101,0.0075956501230875,0.070439400983334,-13.18319801631857,131.6543,14.1966,531361.5833
2026-02-09,000017.SZ,服饰,7.8,0.0116731517509727,0.0129032258064516,2.8073,-0.0370370370370369,-0.3670196795374624,0.0075080091687807,0.0696262463098089,-13.194803562445392,133.1911,14.3624,537564.2477
2026-02-10,000017.SZ,服饰,7.75,-0.0064102564102563,0.0117035110533159,2.2549,-0.0372670807453416,-0.4538084551278792,0.0075564485598542,0.0700756115849001,-13.188372672236316,132.3373,14.2703,534118.3231
2026-02-11,000017.SZ,服饰,7.69,-0.0077419354838709,0.0052562417871222,1.7071,-0.0265822784810126,-0.5150390566545955,0.0076154096290762,0.0706224664190172,-13.180600612385206,131.3127,14.1598,529983.2135
2026-02-12,000017.SZ,服饰,7.61,-0.0104031209362809,0.0131578947368422,1.5377,-0.0142487046632123,-0.5749061169003106,0.0076954628320688,0.071364852809991,-13.170143000673065,129.9467,14.0125,524469.734
2026-02-13,000017.SZ,服饰,7.6,-0.0013140604467806,-0.0267515923566878,1.3526,-0.0052356020942407,-0.6692673849385457,0.0077055909456224,0.0714586861605962,-13.168828076154725,129.7759,13.9941,523780.5491
2026-02-24,000017.SZ,服饰,7.85,0.0328947368421053,-0.0488431876606684,2.076,0.0089974293059125,-0.6936167146232364,0.0074601868478397,0.0691830861191056,-13.20119336060933,134.0449,14.4544,541010.1724
2026-02-25,000017.SZ,服饰,7.78,-0.0089171974522291,-0.0339869281045752,1.7507,0.0012870012870014,-0.710072653058415,0.0075273090773325,0.0698055914278733,-13.192236167063047,132.8496,14.3255,536185.8779
2026-02-26,000017.SZ,服饰,7.65,-0.0167095115681233,-0.0428571428571428,1.519,-0.0461346633416458,-0.695783502460493,0.0076552269506857,0.0709914668256875,-13.175385476577349,130.6297,14.0862,527226.4737
2026-02-27,000017.SZ,服饰,7.7,0.0065359477124182,-0.0143979057591622,1.1738,-0.0228426395939086,-0.6968015706650003,0.0076055170420623,0.0705308149130355,-13.18190015766505,131.4835,14.1782,530672.3984
2026-03-02,000017.SZ,服饰,7.64,-0.0077922077922079,0.0094594594594594,2.7226,-0.0579531442663378,-0.6208746411895432,0.0076652434864593,0.0710843202206457,-13.174077431979894,130.459,14.0678,526537.2888
2026-03-03,000017.SZ,服饰,7.4,-0.0314136125654449,0.0230040595399187,2.3977,-0.0997566909975669,-0.573251825285715,0.0079138466992928,0.0733901862642927,-13.142159828995164,126.3608,13.6258,509996.8504
2026-03-04,000017.SZ,服饰,7.39,-0.0013513513513514,0.0040705563093623,1.7525,-0.098780487804878,-0.5437141201246898,0.00792455820588,0.0734894248717609,-13.140807563809892,126.19,13.6074,509307.6655
2026-03-05,000017.SZ,服饰,7.37,-0.0027063599458727,-0.0411686586985392,1.6596,-0.1380116959064328,-0.4519475899685777,0.0079460621302597,0.0736887094159432,-13.138097534984157,125.8485,13.5706,507929.2956
2026-03-06,000017.SZ,服饰,7.53,0.0217096336499322,-0.0441767068273092,1.5143,-0.0480404551201011,-0.3118250845089235,0.0077772230025369,0.0721230130109915,-13.159574870541638,128.5806,13.8652,518956.2545
2026-03-09,000017.SZ,服饰,7.47,-0.0079681274900399,-0.0515873015873015,1.6079,-0.0092838196286472,-0.2941404251199712,0.0078396877922733,0.0727024217176674,-13.15157482806416,127.5561,13.7547,514821.145
2026-03-10,000017.SZ,服饰,7.56,0.0120481927710842,-0.0418918918918919,1.1831,0.0617977528089888,-0.3338857384534384,0.0077463594047387,0.0718365001257138,-13.16355101892357,129.0929,13.9205,521023.8093
2026-03-11,000017.SZ,服饰,7.4,-0.021164021164021,-0.0069252077562326,1.7439,-0.0013495276653171,-0.2764951007996397,0.0079138466992928,0.0733901862642927,-13.142159828995164,126.3608,13.6258,509996.8504
2026-02-02,600601.SH,元器件,11.02,-0.0239149689991142,-0.0089285714285713,2.2464,-0.1033360455655003,-0.2839913030398338,0.0077298689091531,0.0945662247271764,-15.365127266324206,129.3683,10.5746,4709664.6615
2026-02-03,600601.SH,元器件,11.2,0.0163339382940108,0.0127388535031847,2.0962,-0.1111111111111111,-0.3400947858149455,0.0076056385161703,0.0930466256641203,-15.38132924088661,131.4814,10.7473,4786592.0334
2026-02-04,600601.SH,元器件,10.99,-0.0187499999999999,0.0289449112978523,2.3335,-0.1755438859714928,-0.2907080531648446,0.0077509706152953,0.0948244798877278,-15.36240123100668,129.0161,10.5458,4696843.4328
2026-02-05,600601.SH,元器件,10.71,-0.0254777070063694,0.0090334236675699,2.7338,-0.1755196304849884,-0.3065498928007942,0.0079536081941253,0.0973037140827665,-15.3365933470586,125.7291,10.2771,4577178.632
2026-02-06,600601.SH,元器件,11.07,0.0336134453781511,-0.0018018018018017,4.0147,-0.1497695852534561,-0.2284834578763841,0.0076949535724976,0.0941389113776288,-15.36965420931256,129.9553,10.6226,4731033.3759
2026-02-09,600601.SH,元器件,11.1,0.0027100271002709,0.0359389038634321,2.2985,-0.1307752545027407,-0.1893580194559607,0.0076741612525459,0.0938843720074356,-15.372360570918527,130.3074,10.6514,4743854.6046
2026-02-10,600601.SH,元器件,11.13,0.0027027027027028,0.0580762250453721,1.5896,-0.0839506172839505,-0.1799561845811453,0.0076534751369206,0.0936320820966095,-15.375059627874853,130.6596,10.6801,4756675.8332
2026-02-11,600601.SH,元器件,11.02,-0.0098831985624439,0.0680393912264996,1.4414,-0.0996732026143791,-0.2049344357259466,0.0077298689091531,0.0945662247271764,-15.365127266324206,129.3683,10.5746,4709664.6615
2026-02-12,600601.SH,元器件,11.17,0.0136116152450092,0.0243682310469313,1.691,-0.1106687898089172,-0.2415305203686774,0.0076260665054007,0.0932966366562485,-15.378647075679424,131.1292,10.7185,4773770.8048
2026-02-13,600601.SH,元器件,11.08,-0.0080572963294538,-0.039028620988725,1.7953,-0.1121794871794872,-0.3716554290031505,0.0076880083215002,0.0940539117021877,-15.3705571439139,130.0727,10.6322,4735307.1188
2026-02-24,600601.SH,元器件,11.53,0.0406137184115522,-0.0986277873070325,3.3483,-0.0812749003984064,-0.2886927775885159,0.007387957924102,0.0903832248734634,-15.410367796872652,135.3554,11.064,4927625.5487
2026-02-25,600601.SH,元器件,11.66,0.0112749349522984,-0.1173512154233026,2.6154,-0.051261187957689,-0.2038101086304955,0.0073055891409723,0.0893758881728887,-15.421579643507837,136.8815,11.1887,4983184.2062
2026-02-26,600601.SH,元器件,11.93,0.0231560891938249,-0.0405286343612334,4.1103,-0.03322528363047,-0.034857527197412,0.0071402458529452,0.0873530285294991,-15.444471698705506,140.0512,11.4478,5098575.2642
2026-02-27,600601.SH,元器件,11.35,-0.0486169321039396,-0.0342960288808664,5.843,-0.0934504792332268,0.2084656662243249,0.0075051241234953,0.0918164039187241,-15.39463320651205,133.2423,10.8913,4850698.1767
2026-03-02,600601.SH,元器件,11.08,-0.0237885462555065,0.0,2.7767,-0.1136,0.3053530529020725,0.0076880083215002,0.0940539117021877,-15.3705571439139,130.0727,10.6322,4735307.1188
2026-03-03,600601.SH,元器件,10.51,-0.0514440433212997,0.0313390313390313,2.7922,-0.1378178835110746,0.2686253457881169,0.0081049625064434,0.0991551977154642,-15.31774264747454,123.3812,10.0852,4491703.7742
2026-03-04,600601.SH,元器件,10.53,0.0019029495718363,-0.0156106519742883,1.718,-0.1128896377422072,0.2589785158246795,0.0080895676935024,0.0989667867463679,-15.319643788737356,123.616,10.1044,4500251.26
2026-03-05,600601.SH,元器件,10.89,0.0341880341880342,-0.016822429906542,2.7079,-0.0668380462724935,0.160533450575218,0.007822143235958,0.0956956113992612,-15.353260399529546,127.8422,10.4498,4654106.0039
2026-03-06,600601.SH,元器件,10.7,-0.0174471992653811,0.000951474785918,1.6749,-0.0412186379928316,-0.1126175792923569,0.0079610418456242,0.0973946919892865,-15.335659204063964,125.6117,10.2675,4572904.8891
2026-03-09,600601.SH,元器件,10.51,-0.0177570093457943,-0.0119705340699814,2.2771,-0.0690876882196633,-0.1424798768621339,0.0081049625064434,0.0991551977154642,-15.31774264747454,123.3812,10.0852,4491703.7742
2026-03-10,600601.SH,元器件,10.86,0.0333016175071361,-0.0298507462686566,2.0397,-0.0145190562613429,-0.1970634423623488,0.0078437524511726,0.0959591597815969,-15.350501777103585,127.49,10.4211,4641284.7753
2026-03-11,600601.SH,元器件,10.72,-0.0128913443830569,0.0,1.5508,-0.0428571428571427,-0.2015594298967326,0.0079461884120734,0.0972129059853986,-15.33752661824443,125.8465,10.2867,4581452.3749
2026-02-02,600602.SH,软件服务,20.96,-0.0117868929750117,-0.0328096118299445,5.8615,0.1143009037745881,1.2103316931392296,0.0066165791624072,0.1681718043152885,-14.868652412651052,151.1355,5.9463,2866643.5617
2026-02-03,600602.SH,软件服务,21.64,0.0324427480916029,0.0544554455445545,6.5385,0.1353620146904512,0.913082798798588,0.0064086624608751,0.162887672660933,-14.900580007162755,156.0388,6.1392,2959645.3566
2026-02-04,600602.SH,软件服务,20.2,-0.066543438077634,0.1126262626262626,6.8683,0.0564853556485354,0.4485386790124031,0.0068655195756559,0.1744987523339208,-14.831719157598393,145.6554,5.7307,2762700.3791
2026-02-05,600602.SH,软件服务,19.8,-0.0198019801980197,0.1114413075780089,3.3077,0.0243145369891362,0.101316660726636,0.0070042137349829,0.1780246386099836,-14.811718490891725,142.7712,5.6172,2707993.4409
2026-02-06,600602.SH,软件服务,20.19,0.0196969696969697,0.0664118490205447,4.645,0.01203007518797,-0.012656001059125,0.006868919718127,0.1745871015049408,-14.831223985499683,145.5833,5.7278,2761332.7056
2026-02-09,600602.SH,软件服务,20.93,0.0366518078256561,-0.0234741784037558,4.13,-0.0057007125890736,-0.063297558609361,0.0066260621577638,0.1684125433662299,-14.867220089643904,150.9192,5.9378,2862540.5413
2026-02-10,600602.SH,软件服务,21.3,0.0176779741997132,-0.079891057648661,4.4603,0.0441176470588235,-0.1371189629785247,0.0065109592466038,0.1654889370645572,-14.884743625923775,153.5872,6.0427,2913144.4592
2026-02-11,600602.SH,软件服务,22.03,0.0342723004694835,-0.0695187165775401,7.8852,0.0535628885700623,-0.1201222482659135,0.0062952074585617,0.1600051201638452,-14.918441714017105,158.851,6.2498,3012984.6214
2026-02-12,600602.SH,软件服务,22.44,0.0186109850204267,-0.011200716845878,7.8035,0.0962383976551051,-0.0022301831923873,0.0061801908813755,0.1570820439515559,-14.936881633839212,161.8073,6.3661,3069059.233
2026-02-13,600602.SH,软件服务,22.32,-0.0053475935828877,0.0240384615384614,5.6855,0.1143285072391413,0.0090976903013535,0.0062134184985895,0.1579254907534625,-14.931519690717447,160.942,6.3321,3052647.1516
2026-02-24,600602.SH,软件服务,20.8,-0.068100358422939,-0.0458806117414898,6.4349,0.0623084780388152,0.0472037404074174,0.0066674756537126,0.1694656747275839,-14.860989539898506,149.9818,5.9009,2844760.7864
2026-02-25,600602.SH,软件服务,20.27,-0.0254807692307692,-0.0780651340996168,4.2301,0.0497151734852407,0.0198126795419639,0.0068418078245651,0.173897921919833,-14.835178513660551,146.1602,5.7505,2772274.0933
2026-02-26,600602.SH,软件服务,20.88,0.0300937345831278,-0.1028545536927956,6.0338,0.0829875518672198,-0.0730847203660643,0.0066419276999602,0.1688162603822,-14.864828316191664,150.5587,5.9236,2855702.174
2026-02-27,600602.SH,软件服务,22.07,0.0569923371647509,-0.0497652582159625,10.578,0.1271705822267621,-0.0517815970439282,0.006283798983784,0.1597137928831534,-14.920255773464849,159.1394,6.2612,3018455.3152
2026-03-02,600602.SH,软件服务,21.3,-0.0348889895786135,0.1509824198552223,6.2063,0.0872894333843798,-0.067115234592667,0.0065109592466038,0.1654889370645572,-14.884743625923775,153.5872,6.0427,2913144.4592
2026-03-03,600602.SH,软件服务,19.34,-0.092018779342723,0.2150649350649351,6.9284,-0.040198511166253,-0.0686264566160728,0.0071708079277584,0.1822589170175151,-14.788212043227723,139.4543,5.4867,2645080.462
2026-03-04,600602.SH,软件服务,19.25,-0.0046535677352637,0.148989898989899,3.0751,-0.1317095173658097,-0.0441380224203068,0.0072043358574924,0.1831099392075001,-14.783547613934523,138.8053,5.4612,2632771.4009
2026-03-05,600602.SH,软件服务,19.8,0.0285714285714286,0.0983201581027668,6.0343,-0.1391304347826086,0.0393828702802068,0.0070042137349829,0.1780246386099836,-14.811718490891725,142.7712,5.6172,2707993.4409
2026-03-06,600602.SH,软件服务,20.24,0.0222222222222221,-0.0768194070080863,6.8127,-0.0681399631675875,-0.0381711985620633,0.0068519479060104,0.1741553465691396,-14.833697397603274,145.9439,5.742,2768171.0729
2026-03-09,600602.SH,软件服务,22.26,0.0998023715415021,-0.0889268918341171,11.316,0.0495049504950495,0.0947722235172638,0.0062301647130946,0.158350619942677,-14.92882789902878,160.5094,6.3151,3044441.1108
2026-03-10,600602.SH,软件服务,23.39,0.0507637017070978,-0.0967032967032966,22.1014,0.1159351145038167,0.398958001063264,0.0059291759927664,0.150700001507,-14.978345133773256,168.6575,6.6357,3198988.2112
2026-03-11,600602.SH,软件服务,22.75,-0.0273621205643437,0.017094017094017,13.9376,0.0512939001848429,0.6218855679206003,0.0060959775082813,0.1549402705257123,-14.950601698580158,164.0426,6.4541,3111457.1101
2026-02-02,600603.SH,区域地产,6.4,-0.021406727828746,0.0493827160493827,1.0663,0.015873015873016,-0.193099631995852,0.0530664444951523,0.9566631589017508,-13.545970462273234,18.8443,1.0453,763730.6566
2026-02-03,600603.SH,区域地产,6.48,0.0124999999999999,0.0242792109256448,0.4724,-0.0030769230769229,-0.3048718991459944,0.0524111761592041,0.944822373393802,-13.558392982262092,19.0799,1.0584,773277.2898
2026-02-04,600603.SH,区域地产,6.59,0.0169753086419752,0.0468277945619335,0.8318,0.0030441400304412,-0.3138928244020335,0.0515362970139869,0.92910898448388,-13.575225820462954,19.4038,1.0763,786403.9105
2026-02-05,600603.SH,区域地产,6.62,0.0045523520485584,0.0224215246636769,0.7598,0.0045523520485584,-0.3243075373510157,0.0513028355077185,0.924898261191269,-13.579767841957,19.4921,1.0812,789983.898
2026-02-06,600603.SH,区域地产,6.69,0.0105740181268882,-0.0029411764705882,1.4053,0.0060150375939849,-0.2508867188306458,0.0507660598430313,0.9151642719868216,-13.59028634607632,19.6982,1.0927,798337.202
2026-02-09,600603.SH,区域地产,6.8,0.0164424514200298,0.0044444444444444,1.1313,0.039755351681957,-0.2218825449579068,0.0499448109838628,0.9004141905276427,-13.60659508416669,20.0221,1.1106,811463.8227
2026-02-10,600603.SH,区域地产,6.75,-0.0073529411764705,0.0245310245310246,0.6282,0.0368663594470046,-0.1742253588371377,0.0503147185646217,0.9070294784580498,-13.599214976813384,19.8749,1.1025,805497.1769
2026-02-11,600603.SH,区域地产,6.93,0.0266666666666666,0.0321637426900585,1.5873,0.0879120879120878,-0.0386668061950605,0.0490078363530328,0.8834702712253734,-13.625532285109797,20.4049,1.1319,826977.1016
2026-02-12,600603.SH,区域地产,6.84,-0.0129870129870129,0.056047197640118,1.0046,0.0926517571884983,0.0030317286080183,0.0496526795068495,0.8950948800572861,-13.612460203614043,20.1399,1.1172,816237.1393
2026-02-13,600603.SH,区域地产,6.78,-0.0087719298245613,0.0575221238938052,0.7334,0.0917874396135265,-0.110695250296228,0.0500921695920493,0.9030160736861116,-13.603649573939478,19.9632,1.1074,809077.1644
2026-02-24,600603.SH,区域地产,6.78,0.0,-0.0056338028169014,0.6818,0.0796178343949045,-0.1833149803990661,0.0500921695920493,0.9030160736861116,-13.603649573939478,19.9632,1.1074,809077.1644
2026-02-25,600603.SH,区域地产,7.1,0.0471976401179941,-0.0042492917847024,1.7807,0.1359999999999999,-0.0266183995324646,0.0478345307910874,0.8623663332183512,-13.64976725599545,20.9054,1.1596,847263.6972
2026-02-26,600603.SH,区域地产,7.06,-0.0056338028169014,0.0,0.9303,0.1387096774193548,-0.1382201898811249,0.0481056014162289,0.8672274737663689,-13.64411752345801,20.7876,1.1531,842490.3806
2026-02-27,600603.SH,区域地产,7.16,0.0141643059490086,0.0237099023709901,1.2756,0.081570996978852,-0.0311715331085442,0.0474336048116648,0.8551393877201984,-13.65818245291381,21.0821,1.1694,854423.6721
2026-03-02,600603.SH,区域地产,7.17,0.0013966480446927,0.0807365439093485,1.4487,0.0622222222222221,0.1438268113333678,0.0473675484925277,0.853898044573478,-13.65957812661008,21.1115,1.1711,855617.0013
2026-03-03,600603.SH,区域地产,7.06,-0.0153417015341702,0.0497866287339971,2.2749,0.0412979351032447,0.3917893777274348,0.0481056014162289,0.8672274737663689,-13.64411752345801,20.7876,1.1531,842490.3806
2026-03-04,600603.SH,区域地产,7.03,-0.0042492917847024,0.0446927374301675,1.4379,0.039940828402367,0.328362985634373,0.0483108124429328,0.8709284096847238,-13.63985917783858,20.6993,1.1482,838910.3932
2026-03-05,600603.SH,区域地产,7.16,0.0184921763869132,0.0844686648501362,1.875,0.0832072617246595,0.4411276445423062,0.0474336048116648,0.8551393877201984,-13.65818245291381,21.0821,1.1694,854423.6721
2026-03-06,600603.SH,区域地产,7.34,0.0251396648044692,0.0550458715596331,2.6448,0.112121212121212,0.5574243210308505,0.0462703763169705,0.8341675008341675,-13.68301131454759,21.6121,1.1988,875903.5968
2026-03-09,600603.SH,区域地产,7.63,0.0395095367847411,0.0907859078590787,5.7461,0.1666666666666667,0.881626856731345,0.0445117065788302,0.8024394158241053,-13.72176031724207,22.466,1.2462,910510.1422
2026-03-10,600603.SH,区域地产,7.38,-0.0327653997378768,0.0267379679144383,2.2673,0.1531249999999999,0.8075504896950567,0.0460197516774199,0.8296001327360212,-13.688446110529217,21.7298,1.2054,880676.9134
2026-03-11,600603.SH,区域地产,7.48,0.0135501355013549,-0.0025125628140703,1.5824,0.154320987654321,0.7629514912324524,0.0454043942372742,0.8185315543914218,-13.701905263892591,22.0243,1.2217,892610.2049
2026-02-02,600605.SH,房产服务,27.77,-0.0003599712023039,-0.0027777777777778,1.0269,-0.0659266733938782,-0.3164868327820224,0.0040106024285801,0.2481635894381576,-13.258372731619556,249.3391,4.0296,572846.3053
2026-02-03,600605.SH,房产服务,28.8,0.0370903853078863,0.0069228106611283,1.1903,-0.0435071404848886,-0.2832934376459597,0.0038671674390689,0.2392916965781287,-13.29479181746669,258.5872,4.179,594093.3955
2026-02-04,600605.SH,房产服务,28.89,0.003125,0.0014044943820223,0.8234,-0.0401993355481727,-0.2841286356634177,0.0038551199655506,0.2385439278643162,-13.29791194486848,259.3953,4.1921,595949.9374
2026-02-05,600605.SH,房产服务,28.48,-0.0141917618553132,-0.0213585434173669,0.8039,-0.0563286944996686,-0.3247412038812045,0.0039106188945462,0.2419784155253351,-13.283618516915846,255.714,4.1326,587492.3578
2026-02-06,600605.SH,房产服务,28.56,0.0028089887640447,-0.0344707520891364,0.4612,-0.0675808031341821,-0.3475989711770475,0.0038996647458218,0.2413010955069736,-13.2864235677891,256.4323,4.1442,589142.6172
2026-02-09,600605.SH,房产服务,28.72,0.0056022408963585,-0.0474389824682021,0.6397,-0.0436230436230437,-0.3836680285162656,0.0038779395266354,0.2399577674329318,-13.292010174558731,257.8689,4.1674,592443.1361
2026-02-10,600605.SH,房产服务,29.09,0.0128830083565461,-0.0164796633941093,0.908,-0.0357971494862446,-0.4118132334743329,0.0038286158405151,0.2369050721375944,-13.304810902930557,261.191,4.2211,600075.586
2026-02-11,600605.SH,房产服务,28.52,-0.0195943623238226,0.0067978533094812,0.6876,-0.0355089617855934,-0.3913115302853118,0.0039051333759253,0.2416392808815001,-13.285022025890951,256.0732,4.1384,588317.4875
2026-02-12,600605.SH,房产服务,27.95,-0.0199859747545582,-0.0039668229354489,0.6302,-0.0535049102607518,-0.4045002148073894,0.0039847733839452,0.2465665606430456,-13.26483363003761,250.9553,4.0557,576559.3891
2026-02-13,600605.SH,房产服务,27.73,-0.0078711985688729,-0.0259833994947673,0.4585,-0.0253075571177503,-0.3622960412090285,0.0040163868583822,0.2485212982752622,-13.25693128995642,248.98,4.0238,572021.1756
2026-02-24,600605.SH,房产服务,27.71,-0.000721240533718,-0.0691622103386809,0.6238,-0.0328097731239092,-0.357269839419462,0.0040192861426267,0.248700539680171,-13.256209789305068,248.8004,4.0209,571608.6108
2026-02-25,600605.SH,房产服务,28.05,0.0122699386503066,-0.0618336886993604,0.7026,-0.0674867021276595,-0.2871125611745513,0.0039705669810826,0.2456881725713724,-13.268405062249387,251.8532,4.0702,578622.2133
2026-02-26,600605.SH,房产服务,28.14,0.0032085561497325,-0.0235336712527155,0.7352,-0.0626249167221851,-0.2504594959522718,0.003957869273161,0.244899958367007,-13.27160848203436,252.6612,4.0833,580478.7552
2026-02-27,600605.SH,房产服务,27.62,-0.0184790334044064,0.0159318266024455,0.9522,-0.0694070080862533,-0.1763163981188803,0.0040323832635126,0.2495134487748889,-13.25295657834311,247.9923,4.0078,569752.0689
2026-03-02,600605.SH,房产服务,26.99,-0.0228095582910935,0.049023362696285,1.6829,-0.0740994854202401,0.0860928683748032,0.004126507155157,0.2553365335512205,-13.229882857440456,242.3357,3.9164,556756.2759
2026-03-03,600605.SH,房产服务,26.11,-0.032604668395702,0.0753787878787879,1.0828,-0.109481582537517,0.2104926423544468,0.004265585596653,0.2639427772059017,-13.196734813034215,234.4344,3.7887,538603.4221
2026-03-04,600605.SH,房产服务,26.4,0.011106855610877,0.0444938820912126,0.887,-0.079176839902337,0.2572854679121563,0.0042187275220924,0.2610420799832933,-13.207780440584177,237.0383,3.8308,544585.6126
2026-03-05,600605.SH,房产服务,26.97,0.0215909090909089,0.0258935083880378,0.7643,-0.0459851432614079,0.271742155533317,0.0041295676631726,0.25552574421873,-13.229141567486725,242.1561,3.9135,556343.711
2026-03-06,600605.SH,房产服务,27.42,0.0166852057842048,0.067177802117561,1.1028,-0.0207142857142856,0.3066161675937982,0.0040617945170648,0.2513320599175631,-13.2456891044608,246.1966,3.9788,565626.4203
2026-03-09,600605.SH,房产服务,27.39,-0.00109409190372,0.1010919337794997,0.8725,-0.0140388768898488,0.105765505582362,0.0040662439941576,0.251610305958132,-13.244594413578572,245.9272,3.9744,565007.573
2026-03-10,600605.SH,房产服务,28.39,0.036509675063892,0.0294639687610933,1.712,0.0223262513503781,0.2050403760531352,0.0039230162973866,0.2427479062993081,-13.2804534007904,254.9059,4.1195,585635.8159
2026-03-11,600605.SH,房产服务,28.17,-0.007749207467418,0.0764308567365803,0.8589,-0.0218749999999999,0.2215417349550013,0.0041503195953604,0.244265858960893,-13.27267401225878,240.9453,4.0939,581097.6025
2026-02-02,600651.SH,电器仪表,7.89,-0.0354523227383862,0.0,1.1239,0.0808219178082192,-0.3485891402378646,0.0025097591986439,0.126027121036447,-14.497619593634846,398.4446,7.9348,1978045.1038
2026-02-03,600651.SH,电器仪表,8.15,0.0329531051964513,0.0273291925465837,1.057,0.0983827493261455,-0.416675318822747,0.0024296931832042,0.1220062711223356,-14.530041386035291,411.5746,8.1963,2043227.8322
2026-02-04,600651.SH,电器仪表,8.05,-0.0122699386503066,0.056179775280899,0.9365,0.0834454912516824,-0.4637873177118706,0.0024598757369172,0.1235223637239522,-14.517695550237615,406.5246,8.0957,2018157.5521
2026-02-05,600651.SH,电器仪表,8.01,-0.0049689440993789,0.021410579345088,0.7206,0.0708556149732619,-0.5381375199357531,0.0024721597727195,0.1241387871640494,-14.512714219867556,404.5046,8.0555,2008129.44
2026-02-06,600651.SH,电器仪表,7.94,-0.0087390761548064,-0.0085889570552147,0.78,0.0392670157068064,-0.5741580908118475,0.0024939546539189,0.1252332469223929,-14.50393673404878,400.9696,7.9851,1990580.2439
2026-02-09,600651.SH,电器仪表,8.15,0.026448362720403,-0.0447400241837967,0.9723,-0.0297619047619047,-0.5537370921571272,0.0024296931832042,0.1220062711223356,-14.530041386035291,411.5746,8.1963,2043227.8322
2026-02-10,600651.SH,电器仪表,8.27,0.014723926380368,-0.0520094562647756,1.0611,-0.0350058343057176,-0.5096859105304288,0.0023944376256181,0.1202371075761401,-14.544657967827948,417.6346,8.3169,2073312.1684
2026-02-11,600651.SH,电器仪表,8.46,0.0229746070133012,-0.0135635018495683,2.5481,-0.0408163265306121,-0.2859184901451445,0.0023406617893516,0.1175364362952515,-14.567372632417603,427.2296,8.508,2120945.7007
2026-02-12,600651.SH,电器仪表,8.11,-0.0413711583924351,-0.0061881188118813,1.4493,-0.1107456140350877,-0.1549875930521093,0.0024416768850844,0.1226091221186856,-14.525121326939294,409.5546,8.156,2033199.7202
2026-02-13,600651.SH,电器仪表,8.08,-0.003699136868064,-0.0329113924050633,1.0576,-0.0733944954128441,-0.0592076448337647,0.0024507425259705,0.1230632914507931,-14.521415331317888,408.0396,8.1259,2025678.6361
2026-02-24,600651.SH,电器仪表,7.9,-0.0222772277227722,-0.0735660847880299,1.0949,-0.0617577197149643,0.003740887025212,0.0025065822850806,0.1258684925989326,-14.49888621829298,398.9496,7.9448,1980552.1319
2026-02-25,600651.SH,电器仪表,8.02,0.0151898734177213,-0.08125,0.9117,-0.04066985645933,0.027436972803096,0.0024690772761929,0.1239848738453908,-14.51396188065826,405.0096,8.0655,2010636.468
2026-02-26,600651.SH,电器仪表,8.0,-0.0024937655860348,-0.0610211706102116,0.9165,-0.0349819059107356,-0.2046694544735513,0.002475249975495,0.1242946279861784,-14.511465000474594,403.9996,8.0454,2005622.412
2026-02-27,600651.SH,电器仪表,8.03,0.0037499999999999,-0.013089005235602,0.8501,-0.0325301204819278,-0.2835723501757403,0.0024660024571248,0.1238298083114567,-14.515207986731074,405.5146,8.0756,2013143.496
2026-03-02,600651.SH,电器仪表,7.64,-0.0485678704856786,0.0013458950201885,1.4595,-0.1406074240719911,-0.1812136195781435,0.0025918849120158,0.1301507145274227,-14.46542106199407,385.8196,7.6834,1915369.4035
2026-03-03,600651.SH,电器仪表,7.43,-0.0274869109947644,0.0326530612244897,1.1593,-0.1154761904761905,-0.1325046673872456,0.0026651414950271,0.1338293942881614,-14.437549317500268,375.2146,7.4722,1862721.8151
2026-03-04,600651.SH,电器仪表,7.35,-0.0107671601615073,-0.0039787798408488,0.7868,-0.1312056737588653,-0.1122896446378154,0.0026941498690912,0.1352868758201766,-14.426723772005936,371.1746,7.3917,1842665.591
2026-03-05,600651.SH,电器仪表,7.54,0.0258503401360545,-0.0238726790450928,0.9595,-0.1034482758620689,-0.0829369510361623,0.0026262600795861,0.1318774067626734,-14.452245640809332,380.7696,7.5828,1890299.1233
2026-03-06,600651.SH,电器仪表,7.54,0.0,-0.0228494623655914,0.6303,-0.077111383108935,-0.0809296677720997,0.0026262600795861,0.1318774067626734,-14.452245640809332,380.7696,7.5828,1890299.1233
2026-03-09,600651.SH,电器仪表,7.44,-0.0132625994694959,-0.0316205533596838,0.8172,-0.0904645476772615,-0.1822169620800104,0.0026615593117846,0.1336505305926064,-14.438894307661204,375.7196,7.4822,1865228.8432
2026-03-10,600651.SH,电器仪表,7.59,0.0201612903225805,-0.0346205059920106,0.7087,-0.0380228136882129,-0.25228720601619,0.0026089592704932,0.1310083714349346,-14.45885505021018,383.2946,7.6331,1902834.2634
2026-03-11,600651.SH,电器仪表,7.51,-0.0105401844532279,-0.0095108695652174,0.6577,-0.0785276073619632,-0.2629250355264509,0.0026367511428997,0.1324047347933162,-14.44825892458939,379.2546,7.5526,1882778.0393
2026-02-02,600653.SH,汽车服务,1.89,-0.0104712041884816,0.015625,1.1116,-0.0104712041884816,-0.0171481183105077,0.0015720348828252,0.1987083954297069,-12.815473693927071,636.1182,5.0325,367865.8799
2026-02-03,600653.SH,汽车服务,1.92,0.0158730158730158,0.0207253886010363,0.854,-0.0103092783505154,-0.1008444267432646,0.0015474718719906,0.1956066740997202,-12.83122205102688,646.2153,5.1123,373705.0209
2026-02-04,600653.SH,汽车服务,1.93,0.0052083333333332,0.0260416666666667,1.3433,0.0052083333333332,-0.0945376985228237,0.0015394538941255,0.1945903872348706,-12.836416867858231,649.581,5.139,375651.4012
2026-02-05,600653.SH,汽车服务,1.92,-0.005181347150259,0.0052083333333332,0.8348,-0.0103092783505154,-0.134412919878057,0.0015474718719906,0.1956066740997202,-12.83122205102688,646.2153,5.1123,373705.0209
2026-02-06,600653.SH,汽车服务,1.92,0.0,-0.0205128205128205,1.0029,-0.0153846153846154,-0.1753862422841672,0.0015474718719906,0.1956066740997202,-12.83122205102688,646.2153,5.1123,373705.0209
2026-02-09,600653.SH,汽车服务,1.95,0.015625,-0.0152284263959391,1.2077,-0.0151515151515151,-0.1403190167953202,0.0015236646450684,0.192596587188475,-12.846726237426994,656.3124,5.1922,379544.1618
2026-02-10,600653.SH,汽车服务,1.97,0.0102564102564102,-0.0050761421319797,2.1572,0.0051020408163264,0.0340706688940755,0.001508195762,0.1906395958440568,-12.856930407512964,663.0439,5.2455,383436.9224
2026-02-11,600653.SH,汽车服务,1.97,0.0,0.0207253886010363,1.6713,0.0051020408163264,0.0804493816875782,0.001508195762,0.1906395958440568,-12.856930407512964,663.0439,5.2455,383436.9224
2026-02-12,600653.SH,汽车服务,1.93,-0.0203045685279188,0.0366492146596859,1.4413,0.0,0.1504546590537705,0.0015394538941255,0.1945903872348706,-12.836416867858231,649.581,5.139,375651.4012
2026-02-13,600653.SH,汽车服务,1.91,-0.0103626943005181,-0.0154639175257732,1.0961,-0.0103626943005181,0.1532376565533519,0.0015555738076215,0.1966297658139489,-12.82600010682297,642.8496,5.0857,371758.6405
2026-02-24,600653.SH,汽车服务,1.94,0.0157068062827225,-0.0459183673469386,1.2799,0.0,0.1396205885312058,0.0015315185757122,0.1935883537246399,-12.841584837971393,652.9467,5.1656,377597.7815
2026-02-25,600653.SH,汽车服务,1.96,0.0103092783505154,-0.0609137055837563,1.9817,0.0,0.084290395271116,0.0015158908564646,0.1916149306353951,-12.851841338049404,659.6781,5.2188,381490.5421
2026-02-26,600653.SH,汽车服务,1.97,0.0051020408163264,-0.0505050505050505,1.85,0.0154639175257731,0.0675394186383255,0.001508195762,0.1906395958440568,-12.856930407512964,663.0439,5.2455,383436.9224
2026-02-27,600653.SH,汽车服务,1.98,0.0050761421319796,0.0,1.6181,0.0,0.1093344673612588,0.001500578623117,0.1896777375239468,-12.861993709685526,666.4096,5.2721,385383.3028
2026-03-02,600653.SH,汽车服务,1.91,-0.0353535353535353,0.0106951871657752,2.2629,-0.045,0.2497533180460007,0.0015555738076215,0.1966297658139489,-12.82600010682297,642.8496,5.0857,371758.6405
2026-03-03,600653.SH,汽车服务,1.87,-0.0209424083769632,0.0270270270270269,2.4818,-0.0410256410256409,0.3929529112367418,0.0015888480660859,0.2008354755784062,-12.804835295815051,629.3868,4.9792,363973.1193
2026-03-04,600653.SH,汽车服务,1.85,-0.0106951871657754,0.0053191489361701,1.543,-0.0414507772020724,0.3291461736535919,0.0016060247771078,0.2030044660982541,-12.79408250385612,622.6554,4.926,360080.3586
2026-03-05,600653.SH,汽车服务,1.88,0.016216216216216,-0.0052356020942407,1.052,-0.0208333333333333,0.2274952467412343,0.0015803967586062,0.1997682688081825,-12.810168641743648,632.7525,5.0058,365919.4996
2026-03-06,600653.SH,汽车服务,1.91,0.0159574468085106,0.0158730158730158,1.0417,-0.0052083333333333,0.1519399661897496,0.0015555738076215,0.1966297658139489,-12.82600010682297,642.8496,5.0857,371758.6405
2026-03-09,600653.SH,汽车服务,1.89,-0.0104712041884816,0.0105263157894737,1.1102,-0.0104712041884816,-0.0009225506625434,0.0015720348828252,0.1987083954297069,-12.815473693927071,636.1182,5.0325,367865.8799
2026-03-10,600653.SH,汽车服务,1.9,0.0052910052910053,0.0211640211640211,0.7263,0.0052910052910053,-0.233343372017285,0.0015637610266654,0.1976636160581921,-12.820750750982132,639.4839,5.0591,369812.2602
2026-03-11,600653.SH,汽车服务,1.89,-0.0052631578947368,0.0105263157894737,0.8285,-0.015625,-0.3328309505199661,0.0015720348828252,0.1987083954297069,-12.815473693927071,636.1182,5.0325,367865.8799
2026-02-02,600654.SH,仓储物流,3.78,-0.0257731958762886,0.0288713910761153,3.3096,-0.0232558139534884,-0.0976517456221637,0.0190213514670217,0.1590077913817777,-13.899591086134366,52.5725,6.289,1087716.4821
2026-02-03,600654.SH,仓储物流,3.81,0.0079365079365079,0.015625,2.4845,-0.0329949238578679,-0.0952922522893613,0.0188715920263749,0.1577560775528877,-13.907496265647994,52.9897,6.3389,1096349.1526
2026-02-04,600654.SH,仓储物流,3.84,0.0078740157480314,0.0238095238095239,2.0627,-0.0025974025974027,-0.1228132211431287,0.0187241372853745,0.1565239168544953,-13.915339443115434,53.407,6.3888,1104981.8231
2026-02-05,600654.SH,仓储物流,3.78,-0.015625,0.0133333333333331,1.869,-0.0357142857142857,-0.2223274420639757,0.0190213514670217,0.1590077913817777,-13.899591086134366,52.5725,6.289,1087716.4821
2026-02-06,600654.SH,仓储物流,3.75,-0.0079365079365079,-0.0408163265306122,1.8022,-0.040920716112532,-0.2692165060206595,0.0191735435776298,0.1602795274959529,-13.891622916478571,52.1552,6.2391,1079083.8116
2026-02-09,600654.SH,仓储物流,3.92,0.0453333333333332,-0.0333333333333333,3.0283,-0.0462287104622871,-0.2616654166003337,0.0183420274543466,0.1533295512044036,-13.935958730364344,54.5196,6.5219,1128002.2778
2026-02-10,600654.SH,仓储物流,3.9,-0.0051020408163264,-0.0180878552971577,1.5886,-0.0201005025125627,-0.2870024040282971,0.0184361023129933,0.1541140752384915,-13.930843629663933,54.2414,6.4887,1122247.1641
2026-02-11,600654.SH,仓储物流,3.87,-0.0076923076923076,-0.0105263157894737,1.4441,-0.0467980295566501,-0.2772130347033846,0.0185790034965684,0.1553084425669379,-13.923121583563804,53.8242,6.4388,1113614.4936
2026-02-12,600654.SH,仓储物流,3.8,-0.0180878552971577,0.0053191489361701,1.7124,-0.0476190476190476,-0.2643194228630585,0.0189212610642074,0.1581702861300476,-13.904868143270049,52.8506,6.3223,1093471.5958
2026-02-13,600654.SH,仓储物流,3.76,-0.0105263157894737,-0.039787798408488,2.3529,-0.0383631713554988,-0.2085783006352052,0.0191225429922572,0.1598542129577825,-13.894286033961889,52.2943,6.2557,1081961.3685
2026-02-24,600654.SH,仓储物流,3.77,0.002659574468085,-0.0921052631578946,2.0313,-0.0407124681933842,-0.2844296651336506,0.0190718130046878,0.159428607869396,-13.89694207799132,52.4334,6.2724,1084838.9253
2026-02-25,600654.SH,仓储物流,3.8,0.0079575596816976,-0.0877659574468083,2.0926,-0.0281329923273657,-0.2425727977858938,0.0189212610642074,0.1581702861300476,-13.904868143270049,52.8506,6.3223,1093471.5958
2026-02-26,600654.SH,仓储物流,3.76,-0.0105263157894737,-0.0714285714285714,1.8077,-0.0505050505050505,-0.1962113735178065,0.0191225429922572,0.1598542129577825,-13.894286033961889,52.2943,6.2557,1081961.3685
2026-02-27,600654.SH,仓储物流,3.78,0.0053191489361701,-0.0220994475138122,1.8351,-0.0643564356435644,-0.1625534027784961,0.0190213514670217,0.1590077913817777,-13.899591086134366,52.5725,6.289,1087716.4821
2026-03-02,600654.SH,仓储物流,3.62,-0.0423280423280422,0.0231884057971012,3.3306,-0.1149144254278727,-0.0760546259504485,0.0198620777322274,0.1660357308892873,-13.856341102335978,50.3472,6.0228,1041675.5728
2026-03-03,600654.SH,仓储物流,3.45,-0.0469613259668507,0.0495626822157433,2.9693,-0.1439205955334987,0.012365098458148,0.0208408012871278,0.1742160278745644,-13.808241307567725,47.9828,5.74,992757.1067
2026-03-04,600654.SH,仓储物流,3.43,-0.0057971014492753,0.0284900284900284,1.933,-0.150990099009901,0.0151233783024289,0.0209623390616418,0.1752326213047821,-13.802427337663833,47.7046,5.7067,987001.993
2026-03-05,600654.SH,仓储物流,3.51,0.0233236151603497,0.0112994350282487,2.0748,-0.1113924050632911,0.0527853580400512,0.0204845413408771,0.1712387410527757,-13.825483114016004,48.8173,5.8398,1010022.4477
2026-03-06,600654.SH,仓储物流,3.54,0.0085470085470085,-0.0113314447592066,1.6156,-0.1015228426395938,0.0824627382268228,0.0203109608100011,0.1697879348693481,-13.833993803690626,49.2345,5.8897,1018655.1182
2026-03-09,600654.SH,仓储物流,3.53,-0.0028248587570621,-0.0166666666666667,1.9977,-0.0902061855670103,-0.0226200913663423,0.0203684655416484,0.1702678312986327,-13.831164947422293,49.0955,5.8731,1015777.5613
2026-03-10,600654.SH,仓储物流,3.6,0.0198300283286119,-0.0221606648199446,2.2825,-0.0476190476190475,-0.0638191275413623,0.0199724380355109,0.166958844644795,-13.850800922020095,50.069,5.9895,1035920.4592
2026-03-11,600654.SH,仓储物流,3.61,0.0027777777777777,-0.0083798882681564,1.9073,-0.05249343832021,-0.0533354736844626,0.0199171050089527,0.1664946222237021,-13.853574848872872,50.2081,6.0062,1038798.016
